# File format is tab delimited#community - community identifier, generally 'default'. - required#username - community+username is unique identifier, aka uniquename, for faculty member. - required#firstname - faculty first name - required#lastname - faculty last name - required#middlename - faculty middle name#suffix - faculty suffix, e.g. Sr.#email - faculty email address - required#employeenbr - employee number from HR system#deptcode - department code for faculty appointment - required#pcncode - pcn code for position - required#isprimarypos - primary or secondary position boolean. 1 = yes. 0 = no - required#titlecode - faculty current title in position - required#startdate - start date for this appointment#enddate - end date for this appointment#username	firstname	lastname	middlename	suffix	email	employeenbr	deptcode	pcncode	isprimarypos	titlecode	startdate	enddatedefault	tayrw	Robert	Taylor	W		tayrw@mps.edu	10000	236000		1	InstructionalProfessorwithTenure	7/1/1997default	davsa	Susan	Davis	A		davsa@mps.edu	10001	236000		1	InstructionalAssociateProfessorwithTenure	7/1/2009default	ramjt	Jerry	Ramirez	T		ramjt@mps.edu	10002	236000		1	InstructionalAssistantProfessor	7/1/2003	8/31/2016default	watge	Gregory	Watson	E		watge@mps.edu	10003	236000		1	InstructionalAssociateProfessorwithTenure	7/1/2002	6/30/2016default	hugav	Anthony	Hughes	V		hugav@mps.edu	10004	236000		1	ClinicalClinicalAssociateProfessor	7/1/2001	6/30/2016default	myerl	Ruth	Myers	L		myerl@mps.edu	10005	236000		1	LeoLecturerLEOLecturerIII	7/1/1995	5/31/2016default	fosfi	Frank	Foster	I		fosfi@mps.edu	10006	236000		1	InstructionalAssociateProfessorwithoutTenure	7/1/1991	12/31/2015default	barsw	Sharon	Barnes	W		barsw@mps.edu	10007	236000		1	ResearchScientistResearchInvestigator	7/1/2001	9/30/2016default	leemi	Mark	Lee	I		leemi@mps.edu	10008	236000		1	ResearchScientistResearchInvestigator	7/1/2001	8/31/2016default	barkc	Karen	Barnes	C		barkc@mps.edu	10009	236000		1	SupplementalResearchProfessorVisitingResearchProfessor	7/1/2014	6/30/2016default	hugdg	Donald	Hughes	G		hugdg@mps.edu	10010	236000		1	InstructionalProfessorwithTenure	7/1/1993default	loprq	Ryan	Lopez	Q		loprq@mps.edu	10011	236000		1	InstructionalProfessorwithTenure	7/1/1991default	robmk	Marie	Robinson	K		robmk@mps.edu	10012	236000		1	InstructionalAssociateProfessorwithTenure	7/1/2000default	harcz	Carolyn	Harris	Z		harcz@mps.edu	10013	236000		1	InstructionalAssistantProfessor	7/1/2007	8/31/2016default	nelau	Angela	Nelson	U		nelau@mps.edu	10014	236000		1	InstructionalAssociateProfessorwithTenure	7/1/1999	6/30/2016default	thoce	Christine	Thomas	E		thoce@mps.edu	10015	236000		1	ClinicalClinicalAssociateProfessor	7/1/1996	6/30/2016default	beltl	Timothy	Bell	L		beltl@mps.edu	10016	232000		1	InstructionalProfessorwithTenure	7/1/2014default	adajb	Jessica	Adams	B		adajb@mps.edu	10017	232000		1	InstructionalAssociateProfessorwithTenure	7/1/2008default	walaz	Ann	Walker	Z		walaz@mps.edu	10018	232000		1	InstructionalAssistantProfessor	7/1/2007	8/31/2016default	wriac	Anthony	Wright	C		wriac@mps.edu	10019	232000		1	InstructionalAssociateProfessorwithTenure	7/1/1998	6/30/2016default	cooal	Andrew	Cook	L		cooal@mps.edu	10020	232000		1	ClinicalClinicalAssociateProfessor	7/1/1995	6/30/2016default	benss	Steven	Bennett	S		benss@mps.edu	10021	232000		1	LeoLecturerLEOLecturerIII	7/1/2012	5/31/2016default	camch	Cynthia	Campbell	H		camch@mps.edu	10022	232000		1	InstructionalAssociateProfessorwithoutTenure	7/1/2004	12/31/2015default	ramdd	Daniel	Ramirez	D		ramdd@mps.edu	10023	232000		1	ResearchScientistResearchInvestigator	7/1/2005	8/31/2016default	wilcb	Cynthia	Williams	B		wilcb@mps.edu	10024	232000		1	ResearchScientistResearchInvestigator	7/1/2012	6/30/2016default	rodrr	Roger	Rodriguez	R		rodrr@mps.edu	10025	232000		1	SupplementalResearchProfessorVisitingResearchProfessor	7/1/2008	6/30/2016default	rivjo	Jennifer	Rivera	O		rivjo@mps.edu	10026	232000		1	InstructionalProfessorwithTenure	7/1/2000default	lopdj	Diane	Lopez	J		lopdj@mps.edu	10027	232000		1	InstructionalProfessorwithTenure	7/1/2006default	belmu	Mark	Bell	U		belmu@mps.edu	10028	235000		1	InstructionalAssociateProfessorwithTenure	7/1/2002default	herah	Anna	Hernandez	H		herah@mps.edu	10029	235000		1	InstructionalAssistantProfessor	7/1/1993	8/31/2016default	allpi	Patricia	Allen	I		allpi@mps.edu	10030	235000		1	InstructionalAssociateProfessorwithTenure	7/1/2004	6/30/2016default	johsa	Sarah	Johnson	A		johsa@mps.edu	10031	235000		1	ClinicalClinicalAssociateProfessor	7/1/1999	6/30/2016default	jenca	Carol	Jenkins	A		jenca@mps.edu	10032	235000		1	InstructionalAssociateProfessorwithTenure	7/1/2007default	sanke	Kathleen	Sanders	E		sanke@mps.edu	10033	235000		1	InstructionalAssistantProfessor	7/1/1999	8/31/2016default	sanjo	Joseph	Sanchez	O		sanjo@mps.edu	10034	235000		1	ClinicalClinicalInstructor	7/1/2000	6/30/2016default	bensi	Sandra	Bennett	I		bensi@mps.edu	10035	235000		1	ClinicalClinicalAssistantProfessor	7/1/1994	8/31/2016default	turcp	Catherine	Turner	P		turcp@mps.edu	10036	235000		1	ClinicalClinicalAssociateProfessor	7/1/2001	6/30/2016default	myedk	Dennis	Myers	K		myedk@mps.edu	10037	235000		1	ClinicalClinicalProfessor	7/1/1994	8/31/2016default	jacja	John	Jackson	A		jacja@mps.edu	10038	235000		1	ClinicalClinicalAssociateProfessor	7/1/2011	6/30/2016default	lopar	Arthur	Lopez	R		lopar@mps.edu	10039	235000		1	ClinicalClinicalProfessor	7/1/1992	8/31/2016default	coxmu	Maria	Cox	U		coxmu@mps.edu	10040	235500		1	InstructionalProfessorwithTenure	7/1/1992default	sanei	Edward	Sanchez	I		sanei@mps.edu	10041	235500		1	InstructionalAssociateProfessorwithTenure	7/1/1995default	sulaz	Angela	Sullivan	Z		sulaz@mps.edu	10042	235500		1	InstructionalAssistantProfessor	7/1/2007	8/31/2016default	robdj	Daniel	Robinson	J		robdj@mps.edu	10043	235500		1	InstructionalAssociateProfessorwithTenure	7/1/2002	6/30/2016default	gonmv	Maria	Gonzalez	V		gonmv@mps.edu	10044	235500		1	ClinicalClinicalAssociateProfessor	7/1/1999	8/31/2016default	morst	Sandra	Morris	T		morst@mps.edu	10045	235500		1	LeoLecturerLEOLecturerIII	7/1/2002	5/31/2016default	coodw	Douglas	Cook	W		coodw@mps.edu	10046	235500		1	InstructionalAssociateProfessorwithoutTenure	7/1/1993	3/31/2016default	evaeo	Edward	Evans	O		evaeo@mps.edu	10047	235500		1	ResearchScientistResearchInvestigator	7/1/1993	8/31/2016default	gresn	Sandra	Green	N		gresn@mps.edu	10048	235500		1	ResearchScientistResearchInvestigator	7/1/2012	6/30/2016default	crurk	Roger	Cruz	K		crurk@mps.edu	10049	235500		1	SupplementalResearchProfessorVisitingResearchProfessor	7/1/2008	8/31/2016default	morap	Angela	Morales	P		morap@mps.edu	10050	235500		1	InstructionalProfessorwithTenure	7/1/1991default	herpw	Patricia	Hernandez	W		herpw@mps.edu	10051	235500		1	InstructionalProfessorwithTenure	7/1/2014default	rusnp	Nancy	Russell	P		rusnp@mps.edu	10052	235500		1	InstructionalAssociateProfessorwithTenure	7/1/1991default	hilrk	Ryan	Hill	K		hilrk@mps.edu	10053	235500		1	InstructionalAssistantProfessor	7/1/1996	8/31/2016default	bellh	Lisa	Bell	H		bellh@mps.edu	10054	304000		1	InstructionalAssociateProfessorwithTenure	7/1/2013	5/31/2016default	stemm	Matthew	Stewart	M		stemm@mps.edu	10055	304000		1	ClinicalClinicalAssociateProfessor	7/1/1997	3/31/2016default	watll	Lisa	Watson	L		watll@mps.edu	10056	304000		1	InstructionalAssociateProfessorwithTenure	7/1/2002default	fosjp	Jeffrey	Foster	P		fosjp@mps.edu	10057	304000		1	InstructionalAssistantProfessor	7/1/2012	8/31/2016default	murlp	Larry	Murphy	P		murlp@mps.edu	10058	304000		1	ClinicalClinicalInstructor	7/1/2004	8/31/2016default	thojm	Jennifer	Thompson	M		thojm@mps.edu	10059	304000		1	ClinicalClinicalAssistantProfessor	7/1/1992	8/31/2016default	kelmz	Michael	Kelly	Z		kelmz@mps.edu	10060	304000		1	ClinicalClinicalAssociateProfessor	7/1/2006	8/31/2016default	perwi	William	Perez	I		perwi@mps.edu	10061	304000		1	ClinicalClinicalProfessor	7/1/1994	8/31/2016default	thoju	Jerry	Thompson	U		thoju@mps.edu	10062	304000		1	ClinicalClinicalAssociateProfessor	7/1/2007	8/31/2016default	walkv	Kenneth	Walker	V		walkv@mps.edu	10063	304000		1	ClinicalClinicalProfessor	7/1/2003	8/31/2016default	hugjq	Joshua	Hughes	Q		hugjq@mps.edu	10064	237500		1	ClinicalClinicalAssociateProfessor	7/1/2009	8/31/2016default	reeki	Karen	Reed	I		reeki@mps.edu	10065	237500		1	InstructionalAssociateProfessorwithTenure	7/1/1997default	walcs	Carol	Walker	S		walcs@mps.edu	10066	237500		1	InstructionalAssistantProfessor	7/1/1993	8/31/2016default	moomu	Maria	Moore	U		moomu@mps.edu	10067	237500		1	ClinicalClinicalInstructor	7/1/1994	8/31/2016default	kelge	Gary	Kelly	E		kelge@mps.edu	10068	237500		1	ClinicalClinicalAssistantProfessor	7/1/2010	8/31/2016default	andgo	Gregory	Anderson	O		andgo@mps.edu	10069	237500		1	ClinicalClinicalAssociateProfessor	7/1/2009	8/31/2016default	alldh	Debra	Allen	H		alldh@mps.edu	10070	239500		1	ClinicalClinicalAssociateProfessor	7/1/1998	8/31/2016default	russu	Stephen	Russell	U		russu@mps.edu	10071	239500		1	InstructionalAssociateProfessorwithTenure	7/1/1999default	yousd	Sarah	Young	D		yousd@mps.edu	10072	239500		1	InstructionalAssistantProfessor	7/1/1998	8/31/2016default	sulhp	Henry	Sullivan	P		sulhp@mps.edu	10073	239500		1	ClinicalClinicalInstructor	7/1/1995	6/30/2016default	colpu	Paul	Collins	U		colpu@mps.edu	10074	239500		1	ClinicalClinicalAssistantProfessor	7/1/1992	8/31/2016default	garld	Laura	Garcia	D		garld@mps.edu	10075	239500		1	ClinicalClinicalAssociateProfessor	7/1/2006	8/31/2016default	willg	Linda	Wilson	G		willg@mps.edu	10076	302500		1	ClinicalClinicalAssociateProfessor	7/1/2002	6/30/2016default	davvk	Virginia	Davis	K		davvk@mps.edu	10077	302500		1	InstructionalAssociateProfessorwithTenure	7/1/2014default	coxai	Angela	Cox	I		coxai@mps.edu	10078	302500		1	InstructionalAssistantProfessor	7/1/2006default	taydz	Donald	Taylor	Z		taydz@mps.edu	10079	302500		1	ClinicalClinicalInstructor	7/1/1992	8/31/2016default	robnp	Nancy	Robinson	P		robnp@mps.edu	10080	302500		1	ClinicalClinicalAssistantProfessor	7/1/1998	8/31/2016default	grecd	Carol	Green	D		grecd@mps.edu	10081	302500		1	ClinicalClinicalAssociateProfessor	7/1/1992	8/31/2016default	ortec	Eric	Ortiz	C		ortec@mps.edu	10082	302500		1	ClinicalClinicalProfessor	7/1/2006	8/31/2016default	wilcs	Cynthia	Wilson	S		wilcs@mps.edu	10083	302500		1	ClinicalClinicalAssociateProfessor	7/1/2005	8/31/2016default	wilas	Arthur	Wilson	S		wilas@mps.edu	10084	302575		1	ClinicalClinicalProfessor	7/1/1990	8/31/2016default	nelns	Nancy	Nelson	S		nelns@mps.edu	10085	302575		1	ClinicalClinicalAssociateProfessor	7/1/2009	6/30/2016default	brocf	Christopher	Brown	F		brocf@mps.edu	10086	302575		1	InstructionalAssociateProfessorwithTenure	7/1/1997default	nellk	Lisa	Nelson	K		nellk@mps.edu	10087	302575		1	InstructionalAssistantProfessor	7/1/2008	8/31/2016default	moojj	Janet	Moore	J		moojj@mps.edu	10088	302575		1	ClinicalClinicalInstructor	7/1/1999	8/31/2016default	sanwj	Walter	Sanchez	J		sanwj@mps.edu	10089	302575		1	ClinicalClinicalAssistantProfessor	7/1/1990	8/31/2016default	mormw	Melissa	Morales	W		mormw@mps.edu	10090	246000		1	ClinicalClinicalAssociateProfessor	7/1/2004	8/31/2016default	alldb	Deborah	Allen	B		alldb@mps.edu	10091	246000		1	ClinicalClinicalAssociateProfessor	7/1/2003	6/30/2016default	thoja	Jerry	Thompson	A		thoja@mps.edu	10092	246000		1	InstructionalAssociateProfessorwithTenure	7/1/1991default	davak	Ann	Davis	K		davak@mps.edu	10093	246000		1	InstructionalAssistantProfessor	7/1/2003	8/31/2016default	marmf	Maria	Martin	F		marmf@mps.edu	10094	246000		1	ClinicalClinicalInstructor	7/1/2001	8/31/2016default	mitsr	Sandra	Mitchell	R		mitsr@mps.edu	10095	246000		1	ClinicalClinicalAssistantProfessor	7/1/1998	8/31/2016default	lewaq	Andrew	Lewis	Q		lewaq@mps.edu	10096	246000		1	ClinicalClinicalAssociateProfessor	7/1/2014	8/31/2016default	ortjh	Jason	Ortiz	H		ortjh@mps.edu	10097	246000		1	InstructionalAssistantProfessor	7/1/2012	8/31/2016default	loprz	Richard	Lopez	Z		loprz@mps.edu	10098	246000		1	ClinicalClinicalInstructor	7/1/2005	8/31/2016default	loppp	Patricia	Lopez	P		loppp@mps.edu	10099	246000		1	ClinicalClinicalAssistantProfessor	7/1/1999	8/31/2016