#code|descr#Dept Assignment-Short Description|Dept Assignment -Long DescriptionAnesthesiology|AnesthesiologyAnesthesiology-Adult|Anesthesiology - AdultAnesthesiology-Crit|Anesthesiology - Critical CareAnesthesiology-Pain|Anesthesiology - Pain ManagementAnesthesiology-Ped|Anesthesiology - PediatricCardiac Surgery|Cardiac SurgeryCardiac Surg - Adult|Cardiac Surgery - AdultCardiac Surgery-Ped|Cardiac Surgery - PediatricCert Nurse Midwife|Certified Nurse MidwifeCRNA|Certified Registered Nurse AnesthetistCommun Health Serv|Community Health ServiceDentistry|DentistryDermatology|DermatologyEmergency Medicine|Emergency MedicineEmergency Med-Adult|Emergency Medicine - AdultEmerg Med-Pediatric|Emergency Medicine - PediatricEmployee Health|Employee HealthFamily Medicine|Family MedicineFamily Med Psychol|Family Medicine: PsychologyIM - Allergy|Internal Medicine - AllergyIM - Cardio Medicine|Internal Medicine - Cardiovascular MedicineIM - Gastroenterolog|Internal Medicine - GastroenterologyIM - General Medicin|Internal Medicine - General MedicineIM - Geri&Palliative|Internal Medicine - Geriatric & Palliative MedicineIM - Hem/Oncology|Internal Medicine - Hematology/OncologyIM - Infect Diseases|Internal Medicine - Infectious DiseasesIM - MEND|"Internal Medicine - Metabolism, Endocrinology & Diabetes"IM - Molec Med & Gen|Internal Medicine - Molecular Medicine & GeneticsIM - Nephrology|Internal Medicine - NephrologyIM - Occup Medicine|Internal Medicine - Occupational MedicineIM - Pulmonary|Internal Medicine - PulmonaryIM - Rheumatology|Internal Medicine - RheumatologyIM MEND - Podiatry|"Internal Medicine-Metabolism, Endocrinology & Diabetes-Podia"Neurology|NeurologyNeurosurgery|NeurosurgeryNurse Practitioner|Nurse PractitionerObstetrics/Gynecolog|Obstetrics/GynecologyOphthalmology|OphthalmologyOrthopaedic Surgery|Orthopaedic SurgeryOrthopaedic Surg-Ad|Orthopaedic Surgery - Adult Joint ReconstructionOrthopaedic Surg-Gen|Orthopaedic Surgery - GeneralOrthopaedic Surg-Ped|Orthopaedic Surgery - PediatricOrthopaedic Surg-Spo|Orthopaedic Surgery - Sports MedicineOrthopaedic Surg-Tra|Orthopaedic Surgery - TraumaOtolaryngology|OtolaryngologyOtolaryngology-Adult|Otolaryngology - AdultOtolaryngology-Peds|Otolaryngology - PediatricPathology|PathologyPathology-Anatomic|Pathology - AnatomicPathology - Clinical|Pathology - ClinicalPed Adolescent Med|Pediatric Adolescent MedicinePed Cardiology|Pediatric CardiologyPed Behav Health|Pediatric Child Behavioral HealthPed Critical Care M|Pediatric Critical Care MedicinePed Dev & Behav Peds|Pediatric Developmental & Behavioral PediatricsPed Endo & Metab|Pediatric Endocrinology & MetabolismPed Gastroenterology|Pediatric GastroenterologyPed Genetics|Pediatric GeneticsPed Hem/Oncology|Pediatric Hematology/OncologyPed Hospitalist|Pediatric HospitalistPed Infect Disease(s|Pediatric Infectious Disease(s)Ped Neonatology|Pediatric NeonatologyPed Nephrology|Pediatric NephrologyPed Neurology|Pediatric NeurologyPed Pulmonology|Pediatric PulmonologyPeds Rheumatology|Pediatric RheumatologyPed -Genl Pediatric|Pediatrics - General PediatricsPhysical Med & Rehab|Physical Medicine & RehabilitationPhysician Assistant|Physician AssistantPsych & Mental Healt|Psychiatry & Mental HealthPsychiatry - Adult|Psychiatry - AdultPsychiatry-Child & A|Psychiatry - Child & AdolescentRadiation Oncology|Radiation OncologyRadiology|RadiologyRadiology - Adult|Radiology - AdultRadiology-Ped (Child|Radiology - Pediatric (Child)Rad Nuclear Med|Radiology Nuclear MedicineSocial Work|Social WorkSurgery - Maxillofac|Surgery -  MaxillofacialSurgery-Crit Care/Tr|Surgery - Critical Care/Trauma/BurnSurgery - General|Surgery - GeneralSurgery Gen-Honorar|Surgery - General - HonorarySurgery - Pediatric|Surgery - PediatricSurgery - Plastic|Surgery - PlasticSurgery - Thoracic|Surgery - ThoracicSurgery - Vascular|Surgery - VascularUrology|Urology